mysql,tech
postgres,tech
mariadb,tech
mongodb,tech
redis,tech
터미널,tech
git,tech
devops,tech
OSI7계층,tech
쿠키,tech
cloud,tech
aws,tech
docker,tech
라우터,tech
쿠버네티스,tech
자바,tech
gpt,tech
json,tech
stack,tech
queue,tech
dequeue,tech
tree,tech
map,tech
set,tech
셔틀,itcen
패밀리데이,itcen
세니,itcen
카페 드 센,itcen
아이티센 클로잇,itcen
아이티센 엔텍,itcen
아이티센 CTS,itcen
아이티센 타워,itcen
아이티센,itcen
강진모 회장님,itcen
번지점프,common
롤러코스터,common
셀카봉,common
타임머신,common
아포칼립스,common
나비 효과,common
불곰,common
오리너구리,common
말싸움,common
무더위,common
고추잠자리,common
닭똥집,common
아이돌,common
보조개,common
신세계,common
홍길동전,common
말벌,common
반성문,common
불개미,common
애국자,common
차돌박이,common
톱니바퀴,common
골절,common
매운탕,common
미더덕,common
왕눈이,common
우왕좌왕,common
원자폭탄,common
에어팟 프로,common
불똥,common
세발낙지,common
바다코끼리,common
충무김밥,common
두루치기,common
인도네시아,common
가로수,common
고소공포증,common
나비넥타이,common
산낙지,common
무당벌레,common
뱀파이어,common